{"cameraMode":{"drawMode":0,"name":"Shaded","section":"Shading Mode"},"sceneLighting":false,"audioPlay":false,"sceneViewState":{"showFog":true,"showMaterialUpdate":false,"showSkybox":false,"showFlares":true,"showImageEffects":true,"showParticleSystems":true},"in2DMode":false,"pivot":{"x":0.000006198883056640625,"y":0.26451361179351809,"z":-0.0000011920928955078126},"rotation":{"x":-0.2296672761440277,"y":0.7214741110801697,"z":-0.28097671270370486,"w":-0.5897289514541626},"size":4.210481643676758,"orthographic":false}