{"cameraMode":{"drawMode":0,"name":"Shaded","section":"Shading Mode"},"sceneLighting":true,"audioPlay":false,"sceneViewState":{"showFog":true,"showMaterialUpdate":false,"showSkybox":true,"showFlares":true,"showImageEffects":true,"showParticleSystems":true},"in2DMode":false,"pivot":{"x":3.6327357292175295,"y":-14.086947441101075,"z":46.4530029296875},"rotation":{"x":-0.24610264599323274,"y":-0.5472690463066101,"z":0.1724175214767456,"w":-0.7811543941497803},"size":83.20573425292969,"orthographic":false}