{"cameraMode":{"drawMode":0,"name":"Shaded","section":"Shading Mode"},"sceneLighting":false,"audioPlay":false,"sceneViewState":{"showFog":true,"showMaterialUpdate":false,"showSkybox":false,"showFlares":true,"showImageEffects":true,"showParticleSystems":true},"in2DMode":false,"pivot":{"x":0.0012216443428769708,"y":0.8099483251571655,"z":0.0016981661319732667},"rotation":{"x":0.018722444772720338,"y":0.9710188508033752,"z":-0.08114755153656006,"w":0.22402451932430268},"size":5.066690444946289,"orthographic":false}