{"cameraMode":{"drawMode":0,"name":"Shaded","section":"Shading Mode"},"sceneLighting":false,"audioPlay":false,"sceneViewState":{"showFog":true,"showMaterialUpdate":false,"showSkybox":false,"showFlares":true,"showImageEffects":true,"showParticleSystems":true},"in2DMode":false,"pivot":{"x":0.0000057220458984375,"y":0.2645135521888733,"z":-0.00000762939453125},"rotation":{"x":-0.2296672761440277,"y":0.7214741110801697,"z":-0.28097671270370486,"w":-0.5897289514541626},"size":40.30474853515625,"orthographic":false}